path	sha256	size_bytes	description
.gitignore	1dc0e3d8741cc8c4132928ae56e9c48bc456345f3f273a661a23cc3308f67c0e	76	Repository file
Makefile	c58bde14818af3e65fc52d6d7552ac860f8f4104cace7d873a897abfee7d367e	472	Build automation rules
README.md	ffd9e8a2f52e7323170c2e077080007565a4e3584faaf832d08ab9f3ebb85dd6	10905	Repository documentation and quickstart guide
catalog/manifest.json	9f4fa8579fc75994f1ff61759986999d45d9566ec98f3a652285cd1a4bc2c8cb	1415	Complete catalog of pathway maps and node statistics
catalog/orthologs.json	c09030ae7c0e59b6c4635dbfa62a6f2160d645a471d8b8742005933bf9990fbb	91835	Precomputed cross-species orthology connectivity matrix
catalog/sidecars/PPA-01.json	f3f5928f710b6df097ae96bc2a9c1a35f8e94bca4fea7a59126332cdc3cef833	10230	Per-map annotation and locus sidecar JSON
catalog/sidecars/PPA-02.json	4b3bc2830a4627ed5e3bf9b9673edede5906b409d360b38c2d772270620e6d4a	9869	Per-map annotation and locus sidecar JSON
catalog/sidecars/PPA-05.json	c927b04c6ef1bfce072ff829cf42fea87a16dcd31dd087bb74376db799c60b60	10237	Per-map annotation and locus sidecar JSON
docs/assets/ppa-core.css	e81031def4390241acecc321b7e010c5615514268664ef9f68c51e841006a85a	8778	Interactive web application asset
docs/assets/ppa-explore.js	a9287d1febe7786824b50d049da7519bd67111d656d30d65c2c8db9baac5da98	5878	Interactive web application asset
docs/explore.html	030dd97a18dbae97735f4619e39b79adb2fcefca01f2f43c80fc42c13ba0ca28	13671	Interactive web application asset
docs/index.html	af4175d7b2940e27a6cc643a6920e094949addb3f2b1f293eec6429276755e9b	10006	Interactive web application asset
docs/spatial.html	d631735c4dd54f257b7efe6f7e2d515b25046dd6cc9878f86ea83cbe5aa834a4	13267	Interactive web application asset
maps/src/PPA-01_central_metabolism.yaml	c4b32f05328f06386157ebbdd79e11e7c72a5b6206cc0f66bac75c56e65f84dc	6400	Declarative pathway YAML source
maps/src/PPA-02_photosynthesis.yaml	a1ca41f2bf0ccad2f30b9726aaad0d16b488d7ca6ee294fe1dac168976367d7d	6018	Declarative pathway YAML source
maps/src/PPA-05_ros_redox.yaml	a8a07b1b003319dfcadb6ea468d749d3a93e80cba7fc9c3752310184863a63b2	6507	Declarative pathway YAML source
maps/svg/PPA-01.svg	e45e3fba6b8a5645c67b207ef54f0a98dd59b4973b1f7babc6433f06fd8a995c	18365	Compiled publication-grade vector SVG
maps/svg/PPA-01_dark.svg	5e534fc5071a5ff046adf6137aad77e9c0bd8d8a82ba98decbf754a9b8a61b63	18364	Compiled publication-grade vector SVG
maps/svg/PPA-02.svg	db350f3269ff419998f3e6dc3d98ec0b209b8ba05f8b00e5ad475626d9a954ce	17159	Compiled publication-grade vector SVG
maps/svg/PPA-02_dark.svg	14fb323013063f91fbe8d1a498b2070155d508a37366c9cedfc06e0bfe06e31e	17158	Compiled publication-grade vector SVG
maps/svg/PPA-05.svg	5ba66f21cebe39baf5f22b2183c32051307403ebd5e3e9c979498085f27ea8fd	17840	Compiled publication-grade vector SVG
maps/svg/PPA-05_dark.svg	0440f8a57a76ed1d4d464f9289cf4e6ac64e9d16c60a9b0aa95123f469f88268	17839	Compiled publication-grade vector SVG
ontology/mapman_bins.yaml	bfe50e5bfd112f97cffa44e85239919041e644689b7830cc5c987937aa0cc3b9	4533	Curated MapMan4/Mercator4 functional BIN ontology
pyproject.toml	3c162023dfb6d4c11a3976cd96c7db1e56ebab7637f689721349919471c2910a	663	Python package build specification (PEP 621)
scripts/build_ortholog_cache.py	a1dcb2feafc4ca7b6c1f21287e0111289b2c142546e97f212e7188654b6a3fd2	7853	Repository file
scripts/compile_maps.py	ff98966b4ef372c5d593b553861512683fa2e9dd60324c9181f56a8775e1d56d	4031	Repository file
spatial/data/ggplant_organs.json	0f277501838902b7bf5c9750cd0b4dcff5854bd650878ff1e2b5a759edd96d57	127268	Audited ggPlant anatomical cell and organ polygons
src/plantpath/__init__.py	06551f36b8f20037c1c00985ac53fc232693ed8a7a95baf4ce3b7402eb22c1f6	1252	Core Python library module
src/plantpath/layout.py	194a7add6a95d7ee22518f61d9db0e80f56ad328fc91963b531665b6c39755e6	11554	Core Python library module
src/plantpath/mapman.py	d51f03aaa0a5abbc5ec7a79f01f7125098470126727d93499cf5f851841ed0bb	2925	Core Python library module
src/plantpath/maps.py	9d52b56c0adc779873fde0dc6e746cc2beb37b09fb201b0f4007a6eb0e6a5bdc	7665	Core Python library module
src/plantpath/ortho.py	820791335d3fac58747e9a93c6d2b33ff30919395e78c6dcdbcc52585b0a1583	10264	Core Python library module
src/plantpath/project.py	2bc9a5ee91105d935a56a0af2db82c819f72c13e8c7cb86b214dc47a19f97c8e	9380	Core Python library module
src/plantpath/render.py	ecb284ec3dbe176c4094d554e35b8a3a0d0d04b2aa9e6ff0058050fc47bb6acc	13016	Core Python library module
src/plantpath/spatial.py	8794a5090962864a989a551e44f796f9d38ccf4fcbea026800ff61327b32eacd	5122	Core Python library module
tests/conftest.py	01b95851c71903df422ba46e4933d7aeabebc82389922ccc9a8478aa29734fc2	174	Automated test module
tests/test_layout.py	daee335f3ea6d2a63748c197901892e3782e9b52a91ba51709c39f53dca87def	2316	Automated test module
tests/test_maps.py	c6f69093f771ed0888f3cfdbd6b4c3fbda37b27c31b40f508e3962756b183e60	1046	Automated test module
tests/test_ortho.py	703b14af827188c43bcfcf8cb23f984ede2a47012daf7012736100ce53ddd22c	1037	Automated test module
tests/test_projection.py	b9c15a5da120c19e35b91a0a3b625701fe7ce16a051d0f6c647ab2c333163291	1603	Automated test module
tests/test_render.py	30cbd1b25a450d2f44779a3ff8023fa9d2f6b038fcef925c42f2945492b7afc4	980	Automated test module
tests/test_spatial.py	7504730870c864a89f5371108fbd8e87dad27a99fc286100237095a1d553abd6	800	Automated test module
